{"val/loss_max":0.17975905537605286,"_runtime":6382,"_timestamp":1.7656333239289844e+09,"train/regularization_loss":0,"val/loss":0.14830152073076794,"best_val_loss":0.14830152073076794,"train/epoch":50,"total_epochs":50,"model/total_parameters":77882568,"_wandb":{"runtime":6382},"train/lr":9.99883658837691e-05,"train/loss":0.14751724898815155,"val/epoch":50,"train/avg_loss":0.1491858857870102,"train/grad_norm":0,"val/loss_min":0.1284990906715393,"val/loss_std":0.009364979150478786,"model/trainable_parameters":77882568,"train/batch":100,"_step":111,"train/temporal_loss":0.14751724898815155}