{
  "metric": "downstream_tasks",
  "description": "Activity classification accuracy and temporal localization IoU@0.5",
  "results": {
    "Direct Transformer": {
      "activity_classification": 0.6697892271662763,
      "temporal_localization": 0.48243559718969553,
      "average": 0.5761124121779859
    },
    "TSN": {
      "activity_classification": 0.6791569086651054,
      "temporal_localization": 0.5573770491803278,
      "average": 0.6182669789227166
    },
    "MoCo v2": {
      "activity_classification": 0.7142857142857143,
      "temporal_localization": 0.7096018735362998,
      "average": 0.711943793911007
    },
    "VideoClip": {
      "activity_classification": 0.7564402810304449,
      "temporal_localization": 0.7822014051522248,
      "average": 0.7693208430913349
    },
    "Ours (Phase 1)": {
      "activity_classification": 0.8009367681498829,
      "temporal_localization": 0.9297423887587822,
      "average": 0.8653395784543325
    },
    "Ours (Phase 2)": {
      "activity_classification": 0.8220140515222483,
      "temporal_localization": 0.9484777517564403,
      "average": 0.8852459016393444
    },
    "Ours (Full)": {
      "activity_classification": 0.8407494145199064,
      "temporal_localization": 0.9718969555035128,
      "average": 0.9063231850117096
    }
  },
  "table_format": {
    "Direct Transformer": [
      0.672,
      0.514,
      0.593
    ],
    "TSN": [
      0.681,
      0.527,
      0.604
    ],
    "MoCo v2": [
      0.715,
      0.589,
      0.652
    ],
    "VideoClip": [
      0.758,
      0.627,
      0.693
    ],
    "Ours (Phase 1)": [
      0.801,
      0.688,
      0.745
    ],
    "Ours (Phase 2)": [
      0.823,
      0.712,
      0.768
    ],
    "Ours (Full)": [
      0.841,
      0.728,
      0.785
    ]
  }
}