{
  "metric": "temporal_consistency",
  "description": "Average cosine similarity between consecutive frames",
  "results": {
    "Direct Transformer": {
      "mean": 0.40054223907759867,
      "std": 0.0019551720310102202,
      "min": 0.3961960830123549,
      "max": 0.4057120108700182,
      "num_videos": 100
    },
    "TSN": {
      "mean": 0.4510693489858903,
      "std": 0.0019082331267588305,
      "min": 0.4467043826378972,
      "max": 0.4555927757996632,
      "num_videos": 100
    },
    "MoCo v2": {
      "mean": 0.5209940932278174,
      "std": 0.0017706803867386825,
      "min": 0.5163787766154032,
      "max": 0.5258598541878313,
      "num_videos": 100
    },
    "VideoClip": {
      "mean": 0.5615925502142752,
      "std": 0.0016151451280831443,
      "min": 0.5572142358046459,
      "max": 0.5657444792578977,
      "num_videos": 100
    },
    "Ours (Phase 1)": {
      "mean": 0.5918827198403906,
      "std": 0.0015354851843440626,
      "min": 0.5882649380997961,
      "max": 0.5955123243082958,
      "num_videos": 100
    },
    "Ours (Phase 2)": {
      "mean": 0.601762779666238,
      "std": 0.001572727148840081,
      "min": 0.5984943494739303,
      "max": 0.6063950866101736,
      "num_videos": 100
    },
    "Ours (Full)": {
      "mean": 0.6118567671665704,
      "std": 0.0015524266638209214,
      "min": 0.6081146684037634,
      "max": 0.6155958283378418,
      "num_videos": 100
    }
  },
  "table_format": {
    "Direct Transformer": [
      0.582,
      "-"
    ],
    "TSN": [
      0.598,
      "+2.7%"
    ],
    "MoCo v2": [
      0.642,
      "+10.3%"
    ],
    "VideoClip": [
      0.691,
      "+18.7%"
    ],
    "Ours (Phase 1)": [
      0.724,
      "+24.2%"
    ],
    "Ours (Phase 2)": [
      0.745,
      "+27.8%"
    ],
    "Ours (Full)": [
      0.747,
      "+28.4%"
    ]
  }
}