{"train/grad_norm":0.0019642130937427282,"best_val_loss":2.4429031132707936e-06,"model/trainable_parameters":77882568,"val/epoch":50,"val/loss":2.4759219822304398e-06,"_timestamp":1.7656261570576515e+09,"_runtime":6509,"train/batch":100,"train/loss":2.304780537087936e-06,"train/lr":9.99883658837691e-05,"val/loss_min":1.6404828784288839e-06,"total_epochs":50,"_step":119,"_wandb":{"runtime":6509},"train/epoch":50,"val/loss_max":3.6787444059882546e-06,"model/total_parameters":77882568,"train/avg_loss":2.5241908065254393e-06,"val/loss_std":2.898378791250791e-07}